user_id,churn_prob
81167,0.70604205
79338,0.70604205
17304,0.70604205
86511,0.70604205
3629,0.70604205
3215,0.70604205
45548,0.70604205
35651,0.70604205
16767,0.70604205
91438,0.70604205
27693,0.70604205
93334,0.70604205
52139,0.70604205
83578,0.70604205
43540,0.70604205
55812,0.69545376
43859,0.69545376
70392,0.69545376
32585,0.69545376
55462,0.69545376
16006,0.69545376
79677,0.69545376
48877,0.69545376
72759,0.69545376
99518,0.6931678
65068,0.6931678
76847,0.6931678
19050,0.6931678
98334,0.6931678
2281,0.6931678
78577,0.6931678
37264,0.6931678
81496,0.6931678
6603,0.6931678
25782,0.6931678
22642,0.6931678
9104,0.6931678
61122,0.6931678
27623,0.6931678
12444,0.6931678
44618,0.6931678
5998,0.6931678
2865,0.6872754
20256,0.6872754
88572,0.6872754
30823,0.6872754
50461,0.6872754
46473,0.6872754
54207,0.6872754
49686,0.6872754
39567,0.68634707
85327,0.68634707
38773,0.68634707
12235,0.68634707
13535,0.68634707
46732,0.68634707
74674,0.68634707
32071,0.68634707
9408,0.68634707
72257,0.68634707
77566,0.68634707
46062,0.68634707
42042,0.68634707
60119,0.68634707
23492,0.68634707
47309,0.68634707
11075,0.68634707
61640,0.68634707
22198,0.68634707
60887,0.68634707
60727,0.68634707
52077,0.68634707
89370,0.68634707
41195,0.68634707
80488,0.68271714
8224,0.68271714
51153,0.68271714
44670,0.68271714
78699,0.68271714
88513,0.68271714
59449,0.68271714
62632,0.68271714
20392,0.68271714
15690,0.68271714
79153,0.68271714
62428,0.68271714
40406,0.68206716
25946,0.68206716
10366,0.68206716
1692,0.68206716
37400,0.68206716
12251,0.68206716
46727,0.68206716
98529,0.68206716
5243,0.68206716
71364,0.68206716
71925,0.68206716
76223,0.68206716
83471,0.68206716
99167,0.68206716
52780,0.68206716
56411,0.68206716
80163,0.68206716
64108,0.68206716
99866,0.68206716
38489,0.68206716
59794,0.68206716
1048,0.68206716
45776,0.68206716
22554,0.68206716
28831,0.68206716
24527,0.68206716
56288,0.6800343
24123,0.6800343
54139,0.6800343
22889,0.6800343
43154,0.6800343
58860,0.6800343
82780,0.6800343
30642,0.67773384
65139,0.67773384
84929,0.67773384
660,0.67773384
76602,0.67773384
71033,0.67773384
33223,0.67773384
65050,0.67773384
570,0.67773384
83972,0.67773384
45467,0.67773384
64655,0.67773384
50105,0.67773384
33181,0.67773384
58208,0.67773384
89100,0.67773384
27010,0.67773384
22690,0.67773384
23979,0.67773384
50152,0.67773384
5932,0.6761471
72626,0.6761471
35825,0.6761471
1145,0.6761471
41657,0.6761471
55399,0.67557824
31732,0.67557824
15024,0.67557824
85396,0.67557824
61049,0.67557824
7731,0.67557824
74702,0.67557824
95091,0.67557824
20382,0.67557824
67166,0.67557824
68065,0.67557824
9417,0.67557824
7460,0.67557824
72567,0.67557824
87197,0.67557824
60491,0.67557824
80129,0.67557824
52250,0.67557824
62978,0.67557824
35268,0.67557824
73264,0.67557824
25865,0.67557824
58998,0.67557824
25340,0.67557824
60544,0.67557824
49432,0.67557824
30348,0.67557824
70994,0.67557824
87413,0.67557824
68488,0.67557824
75461,0.67557824
9076,0.67557824
39183,0.67557824
41641,0.67557824
63765,0.67557824
24394,0.67557824
63980,0.67557824
53888,0.67557824
80826,0.67557824
7370,0.67557824
97368,0.6732275
73450,0.6732275
29716,0.6732275
7397,0.6732275
82936,0.6732275
16883,0.6732275
9085,0.6732275
77397,0.6732275
563,0.6732275
74943,0.6732275
51642,0.6732275
55836,0.6732275
51723,0.6731832
46465,0.6731832
91817,0.6731832
18526,0.6731832
60662,0.6731832
14974,0.6731832
93933,0.6731832
7573,0.6731832
20087,0.6731832
2915,0.6731832
41445,0.6731832
66317,0.6731832
23709,0.6731832
99384,0.6731832
70148,0.6731832
26049,0.6731832
98572,0.6731832
7722,0.6731832
33959,0.6731832
82052,0.6731832
26171,0.6731832
53744,0.6731832
63382,0.6731832
82802,0.6731832
41940,0.6731832
99606,0.6731832
39585,0.6731832
40760,0.6731832
83589,0.67291075
33195,0.67291075
33946,0.67291075
33197,0.67291075
59420,0.67291075
71546,0.67291075
11454,0.67291075
79507,0.67291075
54451,0.67291075
20760,0.67291075
84885,0.67291075
53185,0.67291075
84044,0.67291075
39970,0.67291075
95868,0.67291075
32953,0.67291075
11473,0.67291075
37262,0.67291075
95160,0.67291075
4608,0.67291075
78307,0.67291075
9493,0.67291075
3192,0.67291075
53482,0.67291075
51543,0.67291075
33561,0.67291075
23157,0.67291075
33852,0.67291075
83523,0.67291075
84818,0.67261094
35151,0.67261094
94548,0.67261094
82029,0.67261094
6623,0.67261094
6144,0.67261094
35165,0.67261094
75558,0.67261094
31691,0.67261094
75053,0.67261094
37057,0.67261094
61153,0.67261094
87639,0.67261094
33408,0.67261094
47362,0.67261094
50815,0.67261094
79184,0.67261094
19484,0.67261094
21569,0.67261094
23833,0.67261094
9431,0.67261094
40666,0.67261094
65452,0.67261094
52588,0.67261094
55437,0.67261094
26158,0.67261094
32395,0.67261094
52391,0.67261094
85838,0.67261094
89266,0.67261094
55262,0.67261094
53969,0.67261094
26965,0.67261094
56413,0.67261094
49316,0.67261094
21349,0.67261094
57696,0.67261094
8842,0.67261094
21309,0.67174774
7921,0.67174774
29894,0.67174774
18451,0.67174774
15835,0.67174774
89472,0.67174774
50543,0.67174774
37823,0.67174774
6585,0.67174774
75636,0.67174774
57121,0.67174774
29060,0.67174774
47730,0.67174774
43847,0.67174774
95298,0.6713347
33279,0.6713347
19771,0.6713347
76913,0.6713347
86605,0.6713347
2051,0.6713347
53191,0.6713347
48133,0.6713347
65214,0.6713347
49818,0.6713347
27306,0.6713347
65220,0.6713347
4196,0.6713347
57356,0.6713347
93326,0.6713347
15862,0.6713347
67113,0.6713347
77328,0.6713347
77942,0.6713347
36608,0.6713347
59482,0.6713347
23204,0.6713347
95530,0.6713347
29622,0.6713347
61055,0.6713347
82623,0.6713347
24019,0.6713347
90025,0.6713347
37468,0.6713347
90980,0.6713347
39564,0.6713347
48644,0.6713347
26329,0.6713347
11567,0.6713347
54821,0.6713347
650,0.671032
79568,0.671032
49892,0.671032
64715,0.671032
32194,0.671032
28558,0.671032
41199,0.671032
64997,0.671032
83623,0.671032
63574,0.671032
96794,0.671032
75687,0.671032
26271,0.671032
30024,0.671032
4294,0.671032
58241,0.671032
37071,0.671032
2935,0.671032
70604,0.671032
35619,0.671032
86795,0.671032
59221,0.671032
51208,0.671032
94161,0.671032
74600,0.67057097
61509,0.67057097
38912,0.67057097
59423,0.67057097
94951,0.67057097
7453,0.67057097
21729,0.67057097
96717,0.67057097
41874,0.67057097
78185,0.67057097
70883,0.67057097
98620,0.67057097
392,0.67057097
82961,0.67040074
65454,0.67040074
50971,0.67040074
33813,0.67040074
86924,0.67040074
37578,0.67040074
17372,0.67040074
74399,0.67040074
45782,0.67040074
90489,0.67040074
77957,0.67040074
34260,0.67040074
39157,0.67040074
55044,0.67040074
57173,0.67040074
60554,0.67040074
97253,0.67040074
69261,0.67040074
86659,0.67040074
15185,0.67040074
53011,0.67040074
93757,0.67040074
83313,0.67040074
84148,0.67040074
58216,0.67040074
13820,0.67040074
40497,0.6702688
88264,0.6702688
92256,0.6702688
9712,0.6702688
94988,0.6702688
52080,0.6702688
79729,0.6702688
67392,0.6702688
15952,0.6702688
30114,0.6702688
72918,0.6702688
27488,0.6702688
70510,0.6702688
86277,0.6702688
43696,0.6702688
55680,0.6702688
17970,0.6702688
65067,0.6702688
92614,0.6702688
61149,0.6702688
65914,0.66945666
50267,0.66945666
95762,0.66945666
8280,0.66945666
89700,0.66945666
9450,0.66945666
22934,0.66945666
37275,0.66945666
26350,0.66945666
92921,0.6687376
67609,0.6687376
99552,0.6687376
32317,0.6687376
31420,0.6687376
66420,0.6687376
40345,0.6687376
24484,0.6687376
72894,0.6687376
22634,0.6687376
64792,0.6687376
9569,0.6687376
52527,0.6687376
58322,0.6687376
42023,0.6687376
57560,0.6687376
15872,0.6687376
95479,0.6687376
65453,0.6687376
51127,0.6687376
74872,0.6687376
37532,0.6687376
98090,0.6687376
94127,0.6687376
90839,0.6687376
96651,0.6687376
2118,0.6687376
2494,0.6687376
28552,0.6687376
48661,0.6687376
70080,0.6687025
67998,0.6687025
12396,0.6687025
2093,0.6687025
65569,0.6687025
1140,0.6687025
59990,0.6687025
99098,0.6687025
45355,0.6687025
73662,0.6687025
67398,0.6687025
22495,0.6687025
27074,0.6687025
9889,0.6687025
57750,0.6687025
5993,0.6687025
44211,0.6687025
72245,0.6687025
80673,0.6687025
41669,0.6687025
31438,0.6687025
65053,0.6687025
42599,0.6687025
99008,0.6687025
87838,0.6687025
37434,0.6687025
68777,0.6687025
89103,0.6687025
64153,0.6687025
47070,0.6687025
23797,0.6680139
63953,0.6680139
16801,0.6680139
49368,0.6680139
25601,0.6680139
62582,0.6680139
9967,0.6680139
52106,0.6680139
66219,0.6680139
27756,0.6680139
2456,0.6680139
45900,0.6680139
55050,0.6680139
12191,0.6680139
23707,0.6675639
2718,0.6675639
25523,0.6675639
93414,0.6675639
36587,0.6675639
36952,0.6675639
48916,0.6675639
85051,0.6675639
79293,0.6675639
60187,0.6675639
35574,0.6675639
71104,0.6675639
84474,0.6675639
21701,0.6675639
37222,0.6675639
6282,0.6675639
81401,0.6675639
94405,0.6675639
79401,0.66739535
82593,0.66739535
20196,0.66739535
8539,0.66739535
38932,0.66739535
84529,0.66739535
68493,0.66739535
79328,0.66739535
74407,0.66739535
65717,0.66739535
59030,0.66739535
79477,0.66739535
60536,0.66739535
87621,0.6661995
12942,0.6661995
86245,0.6661995
75437,0.6661995
56689,0.6661995
16371,0.6661995
26664,0.6661995
68127,0.6661995
33075,0.6661995
39402,0.6661995
62416,0.6661995
47363,0.6661995
9409,0.6661995
5501,0.6661995
54347,0.6661995
40258,0.6661995
54189,0.6661995
99433,0.6661995
17716,0.6661995
91904,0.6661995
14142,0.6661995
66118,0.6661995
94694,0.6661995
88803,0.6661995
66633,0.6661995
5835,0.6661995
28107,0.6661995
98405,0.6661995
54715,0.6661995
49484,0.6661995
425,0.6661995
42724,0.6661995
26463,0.6661995
49127,0.66607803
20674,0.66607803
96244,0.66607803
91860,0.66607803
57196,0.66607803
32998,0.66607803
49252,0.66607803
33402,0.66607803
51206,0.66607803
96828,0.66607803
82728,0.66607803
36954,0.6648491
32630,0.6648491
97083,0.6648491
49291,0.6648491
35175,0.6648491
18428,0.6648491
96340,0.6648491
42994,0.6648491
27448,0.6648491
78914,0.6648491
26868,0.6648491
15454,0.6648491
1462,0.6648491
55345,0.6648491
39905,0.6648491
26846,0.6648491
56523,0.6648491
37006,0.6648491
94062,0.6648491
81315,0.6648491
88488,0.6648491
56825,0.6648491
67746,0.6648491
27775,0.6648491
95136,0.6648491
65315,0.6648491
485,0.6648491
30656,0.6648491
36077,0.6648491
26690,0.6648491
62372,0.6648491
58046,0.6648491
83731,0.66446733
18860,0.66446733
91420,0.66446733
75269,0.66446733
98442,0.66446733
6751,0.66446733
86412,0.66446733
44156,0.66446733
14999,0.66446733
37831,0.66446733
91278,0.66446733
13555,0.66446733
16132,0.66432476
14806,0.66432476
6597,0.66432476
90484,0.66432476
7252,0.66432476
55573,0.66432476
15697,0.66432476
81875,0.66432476
26669,0.66432476
77871,0.66432476
75399,0.66432476
38496,0.66432476
26572,0.66432476
98330,0.66432476
54778,0.66432476
74754,0.66432476
76975,0.66432476
11140,0.66432476
24938,0.66432476
72025,0.66432476
45774,0.66432476
29870,0.66432476
57282,0.66432476
41901,0.66432476
580,0.66432476
15468,0.66432476
34908,0.66432476
96977,0.66432476
8081,0.66432476
82194,0.66432476
22448,0.66432476
7462,0.66432476
79570,0.66432476
69287,0.66432476
17427,0.66432476
29333,0.66432476
32605,0.6640969
85815,0.6640969
66009,0.6640969
88062,0.6640969
85087,0.6640969
46286,0.6640969
93154,0.6640969
37446,0.6640969
186,0.6640969
63873,0.6640969
51974,0.6640969
57039,0.6640969
62405,0.6640969
56117,0.6640969
91500,0.6640969
1369,0.6632667
4564,0.6632667
56316,0.6632667
41948,0.6632667
69149,0.6632667
93160,0.6632667
28096,0.6632667
63862,0.6632667
25779,0.6632667
83684,0.6632667
99436,0.6632667
76131,0.6632667
92624,0.6632667
83741,0.6632667
71452,0.6632667
74018,0.6632446
35095,0.6632446
96777,0.6632446
66738,0.6632446
19565,0.6632446
50866,0.6632446
69284,0.6632446
4308,0.6632446
57621,0.6632446
78616,0.6632446
21814,0.6632446
4745,0.6632446
75751,0.6632446
69886,0.6632446
12653,0.6632446
74781,0.6632446
30276,0.6632446
97944,0.6632446
66069,0.6632446
83039,0.6632446
64455,0.6632446
15936,0.6632446
23022,0.6632446
74776,0.6632446
28414,0.6632446
21454,0.6632446
27893,0.6632446
54424,0.6632446
64893,0.6632446
77888,0.6632446
92128,0.6632446
77454,0.66309243
68145,0.66309243
9482,0.66309243
89302,0.66309243
69250,0.66309243
90320,0.66309243
29853,0.66309243
53202,0.66309243
85434,0.66309243
23989,0.66309243
40954,0.66309243
90480,0.66309243
32696,0.66309243
14076,0.66309243
27333,0.66309243
38163,0.66309243
3466,0.66309243
69587,0.66309243
57672,0.66309243
88534,0.66309243
49644,0.66309243
15950,0.66309243
86457,0.66296
47877,0.66296
51734,0.66296
70359,0.66296
54177,0.66296
55302,0.66296
41219,0.66296
22059,0.66296
11671,0.66296
85630,0.66296
13034,0.66296
67976,0.66296
46850,0.6622375
3095,0.6622375
16213,0.6622375
97876,0.6622375
95875,0.6622375
8085,0.6622375
26090,0.6622375
63211,0.6622375
30552,0.6620404
86925,0.6620404
8311,0.6620404
50943,0.6620404
6542,0.6620404
22138,0.6620404
2478,0.6620404
39522,0.6620404
74287,0.6620404
44345,0.6620404
96000,0.6620404
72174,0.6620404
91002,0.6620404
30717,0.6620404
19599,0.6620404
61090,0.6619219
50993,0.6619219
84941,0.6619219
12200,0.6619219
1573,0.6619219
56202,0.6619219
38584,0.6619219
32948,0.6619219
17540,0.6619219
83169,0.6616563
78396,0.6616563
98285,0.6616563
52145,0.6616563
64995,0.6616563
41016,0.6616563
48725,0.6616563
87954,0.6616563
99604,0.6616563
84670,0.6616563
65926,0.6616563
80876,0.6614922
10728,0.6614922
14211,0.6614922
77755,0.6614922
27815,0.6614922
8924,0.6614922
31418,0.6614922
91347,0.6614922
73284,0.6614922
64670,0.6614922
23671,0.6611564
80510,0.6611564
88892,0.6611564
8643,0.6611564
15558,0.6611564
87039,0.6611564
41591,0.6611564
19402,0.6611564
6846,0.6611564
39149,0.6611564
42892,0.6611564
22606,0.6611564
6842,0.66035473
13523,0.66035473
22547,0.66035473
510,0.66035473
3450,0.66035473
74717,0.66035473
39807,0.6602751
66753,0.6602751
38370,0.6602751
39949,0.6602751
62276,0.6602751
26016,0.6602751
25160,0.6602751
76283,0.6602751
62939,0.6602751
41275,0.6602751
37442,0.6602751
88553,0.6602751
8249,0.6602751
14927,0.6602751
36533,0.6602751
83034,0.6602751
69472,0.6602751
50501,0.6602751
51292,0.6602751
97697,0.6602751
67415,0.6602751
57693,0.6602751
30975,0.6602751
48890,0.6602751
4876,0.6602751
74586,0.6602751
57125,0.6602751
19204,0.6602751
94882,0.65999186
80207,0.65999186
51090,0.65999186
5345,0.65999186
56195,0.65999186
89958,0.65999186
13607,0.65999186
9696,0.65999186
91474,0.65999186
80670,0.65999186
29191,0.65999186
38945,0.65999186
30193,0.65999186
88712,0.65999186
7584,0.65999186
21216,0.65999186
6993,0.65999186
31861,0.6599095
64268,0.6599095
17673,0.6599095
56307,0.6599095
36809,0.6599095
32439,0.6599095
46928,0.6599095
41324,0.6599095
16761,0.6599095
36170,0.6599095
44579,0.6599095
90186,0.6599095
78216,0.6599095
30235,0.6599095
71351,0.6599095
89297,0.6599095
9949,0.6599095
59402,0.6599095
32960,0.6599095
14150,0.6599095
96149,0.6599095
25725,0.6599095
72287,0.6599095
60279,0.6599095
52943,0.6599095
57515,0.6599095
9603,0.6599095
4881,0.6599095
71779,0.6599095
30549,0.6599095
77539,0.6599095
33294,0.6599095
14381,0.6597528
51712,0.6597528
17351,0.6597528
45332,0.6597528
52682,0.6597528
99883,0.65944684
35222,0.65944684
81153,0.65944684
5138,0.65944684
82860,0.65944684
41553,0.6589756
97917,0.6589756
24786,0.6589756
65129,0.6589756
3767,0.6589756
52241,0.6589756
72629,0.6589756
89386,0.6589756
21220,0.6589756
17358,0.6589756
49158,0.6589756
89506,0.6589756
27967,0.6589756
56639,0.6589756
71843,0.6589756
5629,0.6589756
26502,0.6589756
29580,0.6589756
34876,0.6589756
40910,0.6589756
93652,0.6589756
93620,0.6589756
29965,0.6589756
71310,0.6589756
13504,0.6589756
46011,0.6589756
91363,0.6589756
18153,0.6589756
13100,0.6589756
24700,0.6589756
8183,0.6589756
89508,0.6589756
4192,0.6589756
95010,0.6589756
18474,0.6589756
98493,0.6589756
34033,0.6589756
77302,0.6589756
91994,0.6589756
81385,0.6580067
62485,0.6580067
80242,0.6580067
48392,0.6580067
81199,0.6580067
61966,0.6580067
92612,0.6580067
15708,0.6580067
75498,0.6580067
37243,0.6580067
65207,0.6580067
84748,0.6580067
1539,0.6580067
36840,0.6580067
38136,0.6580067
84427,0.6580067
90125,0.6580067
25604,0.6580067
83337,0.6580067
74291,0.6580067
37743,0.6580067
86625,0.6580067
34614,0.6580067
64886,0.6580067
22342,0.6580067
14028,0.6580067
53265,0.6578216
11283,0.6578216
37757,0.6578216
51864,0.6578216
24222,0.6578216
48117,0.6578216
86433,0.6578216
87202,0.6578216
41850,0.6578216
29569,0.6578216
59741,0.6578216
53959,0.6571686
53507,0.6571686
34898,0.6571686
9187,0.6571686
45200,0.6571686
12110,0.6571686
49585,0.6571686
75962,0.6571686
40020,0.6571686
42714,0.6571686
60256,0.6571686
547,0.6571686
60634,0.6571686
98742,0.6571686
1447,0.6571686
59461,0.6571686
36012,0.6571686
44165,0.6571686
88275,0.6571686
26168,0.6571686
39416,0.6571686
54498,0.6571686
20610,0.6571686
71334,0.6571686
3053,0.6571686
65898,0.6571686
43466,0.6571686
5414,0.6571686
19823,0.6571686
68308,0.6571686
93480,0.6571686
80990,0.6571686
30264,0.6571686
4762,0.6571686
61420,0.6571686
70321,0.6571686
24383,0.6571686
1599,0.6571686
35499,0.65661025
81747,0.65661025
50817,0.65661025
51407,0.65661025
35425,0.65661025
61532,0.65661025
1779,0.65661025
52625,0.65661025
38355,0.65661025
50724,0.65661025
73219,0.65661025
8493,0.65661025
58655,0.65661025
59993,0.65661025
83230,0.65661025
83184,0.65661025
50171,0.65661025
91379,0.65661025
86997,0.65661025
21198,0.65661025
81261,0.65661025
91067,0.65661025
88184,0.65661025
35960,0.65661025
68698,0.65661025
86734,0.65661025
53932,0.65661025
75541,0.65661025
42607,0.65661025
61021,0.65661025
22101,0.65661025
26032,0.65661025
62817,0.65661025
3037,0.65661025
78712,0.65661025
26791,0.65661025
26973,0.65661025
75790,0.65661025
3455,0.65661025
68957,0.65661025
60600,0.65661025
47287,0.6565796
47329,0.6565796
2264,0.6565796
65402,0.6565796
30558,0.6565796
29454,0.6565796
24060,0.6565796
21242,0.6565796
49812,0.6565796
38954,0.6565796
69570,0.6565796
51383,0.6565796
42220,0.6565796
56478,0.6565796
6020,0.6565796
21136,0.6565796
67546,0.6565796
97671,0.6565796
97069,0.6565796
50652,0.6565796
14089,0.6565796
25754,0.6565796
79468,0.6565796
72378,0.6565796
67804,0.6565796
61457,0.6565796
46098,0.6565796
91620,0.6565796
73392,0.6565796
61023,0.6565796
87601,0.6565796
16570,0.6565796
49482,0.6565796
38137,0.6565796
40425,0.6565796
15040,0.6565796
4544,0.6565796
56309,0.6565796
79145,0.6565796
11034,0.6565796
14180,0.6565796
59013,0.6565796
27772,0.6565796
73383,0.6565796
99026,0.6565796
5563,0.6565796
50812,0.6565796
51740,0.6565796
29011,0.6565796
16990,0.6565796
90740,0.6558989
9922,0.6558989
79142,0.6558989
10387,0.6558989
95490,0.6558989
24545,0.6558989
42048,0.6558989
97188,0.65584946
29140,0.65584946
73806,0.65584946
36976,0.65584946
75411,0.65584946
75223,0.65584946
69399,0.65584946
11367,0.65584946
80451,0.65584946
54649,0.65584946
51019,0.65584946
59297,0.6557472
35734,0.6557472
70598,0.6557472
49526,0.6557472
97222,0.6557472
34438,0.6557472
91430,0.6557472
88819,0.6557472
31063,0.6557472
32640,0.6557472
47147,0.6557472
39879,0.6557472
16544,0.6557472
45909,0.6557271
58756,0.6557271
18708,0.6557271
89449,0.6557271
1191,0.6557271
98390,0.6557271
31876,0.6557271
93487,0.6557271
37900,0.6557271
91069,0.6557271
35733,0.6557271
72713,0.6555388
55565,0.6555388
8852,0.6555388
44826,0.6555388
80944,0.6555388
63618,0.6555388
64448,0.6555388
99683,0.6555388
86535,0.6555388
55801,0.6555048
53539,0.6555048
91908,0.6555048
95578,0.6555048
7900,0.6555048
54419,0.6555048
70315,0.6555048
53133,0.6555048
6773,0.6555048
36455,0.6555048
93842,0.6555048
23864,0.6555048
88742,0.6555048
84397,0.6554022
57748,0.6554022
32358,0.6554022
99439,0.6554022
2567,0.6554022
46445,0.6554022
7123,0.6554022
18857,0.6554022
19475,0.6552781
8418,0.6552781
12366,0.6552781
46764,0.6552781
70728,0.6552781
70589,0.6552781
25608,0.6552781
63221,0.6552781
95957,0.6552781
6782,0.6552781
39702,0.6552781
31215,0.6552781
91227,0.6552781
72182,0.6552781
57613,0.6552781
69562,0.6552781
49666,0.6552781
23375,0.6552781
78573,0.6552781
65845,0.6552781
27617,0.6552781
32236,0.6552781
19891,0.6552781
25811,0.6552781
7315,0.6552781
46324,0.6552781
43559,0.6552781
3073,0.6552781
86238,0.6552781
52888,0.6552781
77150,0.6545166
41331,0.6545166
99644,0.6545166
76885,0.6545166
61722,0.6545166
8007,0.6545166
24865,0.6545166
53165,0.6545166
34128,0.6545166
49816,0.6545166
45697,0.6545166
71597,0.6545166
79101,0.6545166
23701,0.6545166
30548,0.6545166
35919,0.6545166
59764,0.6545166
94287,0.6545166
19765,0.6545166
64322,0.6545166
2937,0.6545166
88304,0.6545166
76369,0.6545166
11657,0.6545166
65745,0.6545166
7917,0.6545166
13740,0.6545166
99400,0.6545166
52290,0.6545166
7658,0.6545166
14432,0.6545166
22009,0.6545166
25683,0.6545166
64254,0.6545166
47984,0.6545166
11032,0.6545166
60871,0.6541078
64081,0.6541078
41080,0.6541078
14290,0.6541078
77308,0.6541078
37549,0.6541078
85161,0.6541078
3026,0.6541078
35500,0.6541078
54271,0.6541078
10230,0.6541078
92428,0.6541078
90051,0.6541078
88464,0.6541078
43840,0.6541078
78349,0.6541078
13184,0.6541078
52247,0.6541078
96447,0.6541078
78658,0.6541078
75368,0.6541078
95482,0.6541078
89063,0.6541078
25723,0.6541078
92818,0.6541078
98746,0.6541078
92909,0.6541078
72236,0.6541078
40088,0.6541078
34477,0.6541078
7071,0.6541078
15943,0.6541078
72416,0.6541078
36426,0.6541078
24138,0.6541078
28298,0.65396655
78783,0.65396655
53455,0.65396655
66468,0.65396655
55442,0.65396655
22445,0.65396655
53101,0.65396655
76385,0.65396655
59442,0.65396655
16412,0.65396655
87052,0.65396655
14487,0.65396655
82435,0.65396655
44599,0.65396655
32844,0.65396655
52331,0.65396655
93074,0.65396655
76832,0.65396655
8867,0.6538193
36075,0.6538193
47135,0.6538193
23904,0.6538193
67590,0.6538193
56533,0.6538193
3275,0.6538193
78346,0.65374106
42727,0.65374106
22285,0.65374106
85143,0.65374106
77381,0.65374106
86978,0.65374106
21258,0.65374106
40019,0.65374106
7685,0.65374106
10699,0.65374106
28987,0.65374106
4368,0.65374106
1272,0.65374106
29016,0.65374106
60366,0.65374106
28093,0.65374106
26772,0.65374106
71239,0.65374106
60830,0.65374106
22175,0.65374106
92217,0.65374106
19507,0.65374106
19248,0.65374106
35710,0.65344894
35826,0.65344894
47447,0.65344894
62100,0.65344894
37874,0.65344894
81836,0.65344894
53170,0.65344894
62765,0.65344894
50571,0.65344894
96424,0.65344894
51341,0.65344894
90019,0.65344894
20384,0.65344894
17592,0.65344894
12736,0.65344894
89125,0.65344894
72661,0.65344894
43027,0.65344894
58291,0.65344894
25700,0.65344894
49687,0.65344894
8091,0.65344894
75487,0.65344894
6048,0.65344894
91433,0.65344894
17367,0.65344894
81189,0.6530981
80794,0.6530981
3731,0.6530981
6438,0.6530981
64819,0.6530981
99839,0.6530981
41367,0.6530981
97937,0.6530981
17262,0.6530981
15170,0.6530981
75356,0.6530981
98075,0.6530981
89291,0.6530981
66308,0.6530981
92458,0.6530981
28877,0.6530981
52054,0.6530981
65850,0.6530981
64584,0.6530981
56203,0.6530981
37988,0.6530981
89780,0.65281373
89465,0.65281373
71868,0.65281373
36253,0.65281373
25246,0.65281373
99496,0.65281373
28219,0.65281373
80075,0.65281373
59331,0.65281373
98671,0.65281373
7849,0.65281373
89989,0.65281373
61727,0.65281373
7214,0.65281373
65744,0.65281373
59082,0.65281373
38245,0.65281373
17548,0.65281373
84603,0.65281373
95765,0.65281373
48024,0.65281373
9237,0.65281373
5097,0.65281373
48850,0.65281373
28363,0.65281373
6844,0.65281373
95208,0.65281373
31663,0.65281373
88091,0.65281373
3257,0.65281373
75103,0.65281373
37195,0.6527639
41079,0.6527639
32017,0.6527639
70823,0.6527639
88229,0.6527639
66877,0.6527639
39037,0.6527639
62408,0.6527639
17280,0.6527639
61642,0.6527639
54633,0.6527639
17355,0.6527639
35486,0.6527639
27533,0.6527639
69737,0.6527639
72376,0.6527639
55276,0.6527639
62229,0.6527639
70969,0.6527639
46559,0.6527639
21025,0.6527639
97315,0.6527639
68392,0.6527639
76725,0.6527639
98678,0.6527639
1243,0.6527639
25640,0.6527639
28183,0.6527639
54032,0.6527639
5272,0.6527639
45271,0.6527639
91572,0.6527639
14878,0.6527639
51704,0.6527639
92550,0.6527639
86897,0.6527639
15294,0.6527639
59509,0.6527639
15104,0.6527639
90362,0.6527639
55132,0.65210485
68941,0.65210485
65173,0.65210485
64547,0.65210485
32274,0.65210485
25565,0.65210485
49036,0.65210485
25937,0.65210485
76896,0.65210485
75970,0.65210485
76118,0.65210485
78759,0.65210485
8521,0.65210485
59587,0.65210485
90838,0.65210485
49285,0.65210485
86206,0.65210485
78877,0.65210485
75317,0.65210485
28196,0.65210485
63056,0.65210485
48039,0.65210485
14823,0.65210485
84910,0.65210485
90259,0.65210485
84196,0.65210485
64495,0.65210485
76829,0.65210485
82972,0.65210485
75300,0.65210485
25536,0.65210485
79199,0.6519436
17527,0.6519436
2756,0.6519436
73449,0.6519436
54711,0.6519436
61903,0.6519436
42124,0.65162367
94422,0.65162367
67169,0.65162367
15767,0.65162367
97696,0.65162367
46258,0.65162367
88836,0.65162367
4106,0.65162367
15657,0.65162367
12750,0.65162367
1264,0.65162367
26787,0.65162367
36289,0.65162367
75177,0.65162367
4849,0.65162367
38439,0.65162367
56201,0.65162367
72070,0.65162367
40337,0.65162367
74373,0.65162367
62021,0.65162367
63822,0.65162367
72653,0.65162367
83006,0.65162367
36894,0.65162367
94013,0.65162367
55927,0.65162367
62599,0.65162367
19518,0.65162367
93956,0.65162367
16906,0.65162367
1125,0.65162367
12905,0.65162367
73125,0.65162367
76271,0.65162367
86143,0.65162367
62931,0.65162367
28011,0.65162367
48166,0.65162367
95133,0.65158874
17336,0.65158874
83790,0.65158874
61610,0.65158874
18675,0.65158874
63087,0.65158874
18980,0.65158874
57358,0.65158874
13869,0.65158874
42917,0.65158874
55833,0.65158874
14072,0.65158874
11787,0.65158874
84540,0.65158874
3713,0.65158874
83958,0.6512265
91930,0.6512265
57177,0.6512265
63915,0.6512265
22426,0.6512265
32548,0.6512265
51500,0.6512265
90777,0.6512265
90619,0.6512265
65575,0.6512265
62358,0.6512265
398,0.6512265
49311,0.6512265
11142,0.6512265
24052,0.6512265
82420,0.6512265
11337,0.6512265
35991,0.6512265
42002,0.6512265
20341,0.6512265
87328,0.6512265
43446,0.6512265
56918,0.6512265
93351,0.6512265
85969,0.6512265
99694,0.6512265
44177,0.6512265
24434,0.6512265
72544,0.6512265
9126,0.6512265
90955,0.6512265
14184,0.6512265
94321,0.6512265
48974,0.6512265
32167,0.6512265
91080,0.6512265
62338,0.6512265
64869,0.6512265
1294,0.65092206
2928,0.65092206
34234,0.65092206
42930,0.65092206
21236,0.65092206
93121,0.65092206
48745,0.65055436
23508,0.65055436
5495,0.65055436
47521,0.65055436
58599,0.65055436
61925,0.65055436
25150,0.65055436
75753,0.65055436
50102,0.65055436
23591,0.65055436
55770,0.65055436
34490,0.65055436
83590,0.65055436
6885,0.65055436
96917,0.65055436
83397,0.65055436
73272,0.65055436
9155,0.6503288
86926,0.6503288
17519,0.6503288
75678,0.6503288
38823,0.6503288
21318,0.6503288
46293,0.6503288
9303,0.6503288
74145,0.6503288
38141,0.6503288
39126,0.6503288
6241,0.6503288
29023,0.6503288
80283,0.6503288
99658,0.6503288
94445,0.6503288
7193,0.6503288
88546,0.6503288
41101,0.6503288
22457,0.6503288
3142,0.6503288
45386,0.6503288
67288,0.6503288
47272,0.6503288
35284,0.6499111
5164,0.6499111
63004,0.6499111
95596,0.6499111
41175,0.6499111
23803,0.6499111
73722,0.6499111
6975,0.6499111
91918,0.6499111
81953,0.6499111
45132,0.6499111
4408,0.6499111
90656,0.6499111
32981,0.6499111
21685,0.6499111
55186,0.6499111
94437,0.6499111
64117,0.6499111
27557,0.6499111
49051,0.6499111
23140,0.6496895
95990,0.6496895
35529,0.6496895
44889,0.6496895
28575,0.6496895
22322,0.6496895
74681,0.6496895
99603,0.6496895
13419,0.6496895
94223,0.6496895
69965,0.6496895
22111,0.6496895
80206,0.6496895
56,0.6496895
62737,0.6496895
67890,0.6496895
84931,0.6496895
14613,0.64963764
90907,0.64963764
57041,0.64963764
43872,0.64963764
54947,0.64963764
27279,0.64963764
52248,0.64963764
62976,0.64963764
89425,0.64963764
90908,0.64963764
36191,0.64963764
1667,0.64963764
82195,0.64963764
77205,0.64963764
78074,0.64963764
33252,0.64963764
1259,0.64963764
10168,0.64963764
99788,0.64963764
16829,0.64963764
32035,0.64963764
97845,0.64963764
96831,0.64963764
211,0.64963764
80691,0.64963764
35690,0.64963764
10837,0.64963764
6882,0.64963764
55730,0.64963764
49680,0.64963764
95094,0.64963764
17853,0.64963764
61818,0.64963764
73637,0.6493947
98770,0.6493947
24431,0.6493947
26652,0.6493947
1444,0.6493947
81105,0.6493947
59717,0.6493947
76239,0.6493947
45104,0.6493947
40039,0.6493947
26000,0.6493947
86812,0.6493947
97638,0.6493947
90167,0.6493947
37686,0.6493947
19363,0.6493947
87765,0.6493947
96872,0.6493947
92567,0.6493947
29875,0.6493947
24893,0.6493947
5878,0.6493947
24712,0.6493947
57130,0.6493947
1295,0.6493947
88778,0.6493947
80416,0.6493947
62084,0.6493947
40319,0.6493947
45391,0.6493947
8561,0.6493947
37668,0.6493947
38116,0.6493947
43755,0.6493947
18134,0.6493947
31301,0.64936745
41211,0.64936745
54745,0.64936745
37467,0.64936745
81367,0.64936745
60905,0.64936745
32156,0.64936745
36926,0.64936745
75621,0.6493253
2078,0.6493253
28989,0.6493253
93470,0.6493253
25837,0.6493253
37871,0.6493253
2445,0.6493253
48508,0.6493253
42163,0.6493253
89630,0.6493253
47994,0.6493253
52259,0.6493253
76177,0.6493253
62889,0.6493253
2150,0.6493253
37440,0.6493253
78812,0.6493253
17647,0.6493253
83129,0.6493253
18217,0.6493253
9965,0.6493253
97339,0.6493253
46894,0.6493253
23023,0.6493253
7486,0.6493253
91837,0.6493253
28805,0.6493253
85537,0.6493253
15947,0.6493253
90676,0.6493253
87650,0.6493253
98181,0.6493253
68575,0.6493253
80635,0.6493253
66938,0.6493253
24176,0.6493253
14896,0.6493253
13688,0.6493253
74564,0.64918923
5024,0.64918923
55428,0.64918923
96047,0.64918923
36239,0.64918923
55175,0.64918923
19653,0.64918923
83008,0.64918923
46529,0.64918923
38741,0.64918923
26277,0.64918923
49321,0.64918923
22299,0.64918923
47796,0.64918923
74999,0.64918923
76213,0.64918923
14484,0.64918923
7918,0.64918923
17681,0.64918923
22565,0.64918923
65809,0.64918923
16838,0.64918923
88767,0.64918923
20869,0.64918923
10090,0.64918923
23673,0.64918923
18746,0.64918923
57853,0.64918923
75394,0.64918923
60474,0.64918923
72726,0.64918923
30088,0.64918923
61530,0.64918923
72920,0.64918923
94638,0.64918923
60688,0.64918923
55677,0.64918923
44573,0.64918923
82360,0.64918923
45227,0.64918923
5590,0.64918923
35029,0.64918923
10639,0.64918923
36612,0.64918923
39546,0.64918923
28887,0.64918923
57570,0.64918923
25365,0.64918923
29359,0.64918923
67511,0.64918923
73009,0.64907324
70689,0.64907324
19580,0.64907324
61482,0.64907324
52858,0.64907324
86517,0.64907324
71810,0.64907324
60926,0.64907324
25746,0.64907324
94762,0.64907324
61889,0.64907324
39679,0.64907324
7720,0.64907324
98001,0.64907324
71515,0.64907324
28837,0.64907324
97391,0.6488719
58524,0.6488719
1011,0.6488719
51767,0.6488719
77581,0.6488719
46426,0.6488719
67576,0.6488719
77329,0.6488719
2736,0.6488719
57344,0.6488719
30635,0.6488719
29885,0.6488719
88325,0.6488719
62135,0.6488719
24816,0.6488719
79960,0.6488719
32698,0.6488719
28892,0.6488719
21537,0.6488719
36769,0.6488719
96282,0.6488719
12432,0.6488719
74651,0.6488719
6552,0.6488719
72294,0.6488719
91939,0.6488719
72851,0.6488719
21230,0.6488719
80077,0.6488719
58811,0.6488719
98925,0.6488719
45942,0.6488719
78170,0.6488719
4449,0.6488719
61119,0.6488719
4999,0.6488719
68526,0.6488719
39427,0.6488719
67318,0.6488719
94752,0.6488719
84512,0.6488719
69998,0.6486452
36013,0.6486452
88723,0.6486452
12287,0.6486452
19205,0.6486452
28254,0.6486452
87439,0.6486452
39357,0.6486452
59551,0.6486452
26590,0.6486452
35613,0.6486238
52998,0.6486238
63884,0.6486238
64646,0.6486238
95597,0.6486238
67656,0.6486238
34885,0.6486238
10804,0.6486238
37455,0.6486238
57642,0.6486238
32873,0.6486238
42054,0.6486238
66897,0.6486238
89428,0.64861673
3986,0.64861673
3180,0.64861673
47192,0.64861673
40657,0.64861673
8428,0.64861673
42988,0.64861673
65120,0.64861673
87110,0.64861673
16796,0.64861673
81671,0.64861673
34887,0.64861673
72359,0.64861673
92643,0.64861673
60942,0.64861673
60803,0.64861673
3096,0.64861673
78928,0.64861673
9710,0.64861673
55430,0.64861673
44883,0.64861673
39301,0.64861673
40168,0.64861673
3631,0.64861673
17678,0.64861673
31859,0.64861673
59632,0.64861673
99843,0.64861673
86865,0.64861673
78025,0.64861673
92928,0.64861673
34843,0.64861673
12769,0.64861673
79124,0.64861673
96518,0.64861673
84429,0.64861673
6886,0.64861673
52539,0.64861673
78316,0.64861673
40672,0.64861673
88544,0.64861673
76184,0.64861673
10146,0.64861673
82742,0.64861673
30291,0.64861673
23398,0.64752215
5348,0.64752215
75008,0.64752215
30757,0.64752215
76993,0.64752215
93132,0.64752215
58317,0.64752215
64831,0.64752215
45006,0.64752215
21684,0.64752215
96127,0.64752215
76079,0.64752215
59514,0.64752215
18033,0.64752215
33119,0.64752215
1004,0.64752215
10388,0.64752215
28632,0.64752215
9224,0.64752215
42507,0.64752215
84366,0.64752215
67659,0.64752215
7631,0.64752215
10720,0.64752215
97496,0.64752215
7500,0.64716166
22978,0.64716166
88094,0.64716166
77827,0.64716166
63662,0.64716166
83777,0.64716166
48481,0.64716166
51098,0.64716166
91526,0.64716166
48683,0.64716166
70811,0.64716166
75157,0.64716166
68953,0.64716166
20804,0.64716166
50565,0.64716166
98182,0.64716166
30299,0.64716166
83978,0.64716166
14943,0.64716166
68462,0.64716166
30664,0.64716166
66361,0.64716166
14811,0.64716166
20076,0.64716166
5774,0.64716166
88014,0.64716166
1948,0.64716166
45419,0.64716166
66593,0.64716166
67544,0.64716166
71444,0.64716166
73088,0.64716166
40503,0.64716166
65098,0.64716166
35554,0.64716166
74027,0.64716166
35965,0.64716166
98286,0.64716166
11273,0.64716166
77021,0.64716166
80507,0.64716166
87757,0.64716166
52208,0.64716166
73335,0.64716166
83884,0.64716166
55666,0.64716166
60838,0.64716166
70779,0.64716166
53741,0.64716166
87446,0.6462497
95738,0.6462497
97486,0.6462497
19307,0.6462497
92210,0.6462497
11617,0.6462497
52454,0.6459943
67910,0.6459943
71610,0.6459943
78863,0.6459943
24349,0.6459943
17382,0.6459943
35586,0.6459943
27338,0.6459943
90669,0.6459943
86062,0.6459943
10989,0.6459943
90818,0.6459943
3552,0.6459943
67729,0.6459943
54729,0.6459943
17192,0.6459943
22319,0.6459943
747,0.6459943
43019,0.6459943
34108,0.6459943
27664,0.6459943
73541,0.6459943
3730,0.6459943
97113,0.6459943
60980,0.6459943
99602,0.6459943
39377,0.6459943
28994,0.6459943
41467,0.6459943
39685,0.6459943
67827,0.6459943
99332,0.6459943
1181,0.6459943
44636,0.6459943
14748,0.6459943
79024,0.6459943
93820,0.6459943
29774,0.6459943
91373,0.6455406
27426,0.6455406
37155,0.6455406
13519,0.6455406
36436,0.6455406
89717,0.6455406
49035,0.6455406
56603,0.6455406
45628,0.6455406
53914,0.6455406
83155,0.6455406
79780,0.6455406
41209,0.6455406
83170,0.6455406
77788,0.6455406
67621,0.6455406
68389,0.6449828
4918,0.6449828
96267,0.64480066
8620,0.64480066
55216,0.64480066
74318,0.64480066
9708,0.64480066
14643,0.64480066
16260,0.64480066
25325,0.64480066
96500,0.64480066
30599,0.6447889
70017,0.6447889
7286,0.6447889
30405,0.6447889
1606,0.6447889
89117,0.6447889
26224,0.64470893
46321,0.64470893
35760,0.64470893
77678,0.64470893
66762,0.64470893
80914,0.64470893
56114,0.64470893
16828,0.64470893
98909,0.64470893
73846,0.64470893
75133,0.64470893
12973,0.64470893
57981,0.64470893
21333,0.64470893
83708,0.64470893
11378,0.64470893
81483,0.64470893
80097,0.64470893
68932,0.64470893
35321,0.64470893
61063,0.64470893
37794,0.64470893
59125,0.64470893
95635,0.64470893
67743,0.64470893
85398,0.64470893
3454,0.64470893
86009,0.6443079
38065,0.6443079
2243,0.6443079
38416,0.6443079
47604,0.6443079
25776,0.6443079
19315,0.6443079
12602,0.6443079
10078,0.6443079
448,0.6443079
26688,0.6443079
47830,0.6443079
87832,0.6443079
92990,0.6443079
87276,0.6443079
91825,0.6443079
91410,0.6443079
29464,0.6443079
49183,0.6443079
2199,0.6443079
49878,0.6443079
40181,0.6443079
38255,0.6443079
60658,0.6443079
38603,0.6443079
44403,0.6443079
1726,0.6443079
13835,0.6443079
19961,0.6443079
32993,0.6443079
72594,0.6443079
67394,0.6443079
91177,0.6443079
55865,0.6443079
53013,0.6443079
90884,0.6443079
71269,0.6443079
87736,0.6443079
28744,0.6443079
13321,0.6443079
71851,0.6443079
92271,0.6443079
61147,0.6443079
19198,0.6438831
41086,0.6438831
31482,0.6438831
26297,0.6438831
2858,0.6438831
55978,0.6438831
29185,0.6438831
96160,0.6438831
16656,0.6438831
62768,0.6438831
55321,0.6438831
73633,0.6438831
36919,0.6438831
5472,0.6438831
90601,0.6438831
63688,0.6438831
34601,0.6438831
14401,0.6438831
66831,0.6438831
72542,0.6438831
44243,0.6438831
93099,0.6438831
2373,0.6438831
71545,0.6438831
64140,0.6438831
99107,0.6438831
35397,0.6438831
16495,0.6438831
35101,0.6438831
85243,0.6438831
78295,0.6438831
84592,0.6438831
92865,0.6438831
76970,0.64383024
64612,0.64383024
5794,0.64383024
71404,0.64383024
32861,0.64383024
46725,0.64383024
41458,0.64383024
11059,0.64383024
84136,0.64383024
96718,0.64383024
68817,0.64383024
38123,0.64383024
13014,0.64383024
41428,0.64383024
35050,0.64383024
75545,0.64383024
61239,0.64383024
56367,0.64383024
16140,0.64383024
6127,0.64383024
58679,0.64383024
86167,0.64383024
67791,0.64383024
14194,0.64383024
44780,0.64383024
10806,0.64383024
58198,0.64383024
94460,0.64383024
82400,0.64383024
12469,0.64383024
58451,0.64383024
48456,0.64383024
22660,0.64383024
44898,0.64383024
80819,0.64383024
52309,0.64383024
42861,0.64383024
292,0.64383024
1128,0.6433264
71529,0.6433264
79177,0.6433264
92251,0.6433264
7910,0.6433264
24152,0.6433264
9301,0.6433264
97590,0.6433264
36522,0.6433264
37691,0.6433264
41794,0.6433264
76960,0.6433264
33616,0.6433264
23094,0.6433264
78391,0.6433264
73261,0.6433264
8613,0.6433264
80897,0.6433264
17513,0.6433264
26971,0.6433264
51239,0.6433264
37087,0.6433264
42244,0.6433264
50897,0.6433264
24366,0.6433264
271,0.6433264
25840,0.6433264
998,0.6433264
90756,0.6433264
58433,0.6433264
65900,0.6433264
20359,0.6433264
15227,0.6433264
99087,0.6433264
92544,0.64315075
55320,0.64315075
98941,0.64315075
65463,0.64315075
97171,0.64315075
42592,0.64315075
29293,0.64315075
3658,0.64315075
25471,0.64315075
60975,0.64315075
50788,0.64315075
57146,0.64315075
15941,0.64315075
39123,0.64315075
48629,0.64315075
96094,0.64315075
87025,0.64315075
22476,0.64315075
12752,0.64315075
28063,0.64315075
48273,0.64315075
66142,0.64315075
89921,0.64285034
39579,0.64285034
88883,0.64285034
46614,0.64285034
40199,0.64285034
36789,0.64285034
7256,0.64285034
8981,0.64285034
87409,0.64285034
72292,0.64285034
42780,0.64285034
6513,0.64285034
94789,0.64285034
24806,0.64285034
95661,0.64285034
73698,0.64285034
44312,0.64285034
31779,0.64285034
66326,0.64285034
36143,0.64285034
41192,0.64285034
42630,0.64285034
51585,0.64285034
28703,0.64285034
30731,0.64285034
47743,0.64285034
79761,0.64285034
57852,0.64275086
20827,0.64275086
20588,0.64275086
51519,0.64275086
16965,0.64275086
11189,0.64275086
32560,0.64275086
65992,0.64275086
53879,0.64275086
20757,0.64275086
82634,0.64275086
82213,0.64275086
23863,0.64275086
38430,0.64275086
88608,0.64275086
35744,0.64275086
71621,0.64275086
10559,0.64275086
41228,0.64275086
17936,0.64275086
6659,0.64275086
49114,0.64275086
25473,0.64275086
21044,0.64275086
86800,0.64275086
44010,0.64275086
55281,0.64275086
5011,0.64275086
14911,0.64275086
62694,0.6420937
99860,0.6420937
3212,0.6420937
1418,0.6420937
50373,0.6420937
48553,0.6420937
82710,0.6420937
53035,0.6420937
3322,0.6420937
63693,0.6420937
20711,0.6420937
37286,0.6420937
65035,0.6420937
18818,0.6420937
69071,0.6420937
30031,0.6420937
25087,0.6420937
92200,0.6420937
5397,0.6420937
5196,0.6420937
44090,0.6420937
30761,0.6420937
33280,0.6420937
88866,0.6420937
37125,0.6420937
85933,0.6420937
25298,0.6420937
42043,0.6420937
60602,0.6420937
38846,0.6420937
65178,0.6420937
28049,0.6420937
20271,0.6420937
99762,0.6420937
44835,0.6420937
56250,0.6420937
60629,0.6420937
52632,0.6420937
42588,0.6420937
79997,0.6420937
82074,0.6420937
71421,0.6420937
45582,0.6420937
81555,0.6420937
49723,0.6420937
39442,0.6420937
11894,0.6420937
17922,0.6420937
33790,0.6420891
69887,0.6420891
60510,0.6420891
30908,0.6420891
69604,0.6420891
94331,0.6419899
59893,0.6419899
32621,0.6419899
70711,0.6419899
71620,0.6419899
36427,0.6419899
12941,0.6419899
42441,0.6419899
47227,0.6419899
86278,0.6419899
42125,0.6419899
69491,0.6419899
70207,0.6419899
79264,0.6419899
7927,0.6419899
11740,0.6419899
85662,0.6419899
75888,0.6419899
82073,0.6419899
89293,0.6419899
98365,0.6419899
22202,0.6419899
66549,0.6419899
24086,0.6419899
3240,0.6419899
94670,0.6419899
7020,0.6419899
25713,0.6419899
92238,0.6419899
10282,0.6419899
53569,0.6419899
52929,0.6419899
54811,0.6419899
65781,0.6419899
22942,0.6419899
14209,0.6419899
17577,0.6419899
24972,0.6419899
51958,0.6419899
22282,0.6419899
40532,0.6419899
31630,0.6419899
96683,0.6419899
55603,0.6419899
55869,0.6419899
90905,0.6419899
42519,0.6419899
95008,0.64179575
83430,0.64179575
97161,0.64179575
45056,0.64179575
2117,0.64179575
71163,0.64179575
51581,0.64179575
97216,0.64179575
46262,0.64179575
67514,0.64179575
8724,0.64179575
32443,0.64179575
70954,0.64088255
74921,0.64088255
12232,0.64088255
94423,0.64088255
27857,0.64088255
45068,0.64088255
74213,0.64088255
49689,0.64088255
42028,0.64088255
45619,0.64088255
8673,0.64088255
36579,0.64088255
57019,0.64088255
46644,0.64088255
92411,0.64088255
66176,0.64088255
46632,0.64088255
73308,0.64088255
44300,0.64088255
9629,0.64088255
89843,0.64088255
42079,0.64088255
22646,0.64088255
14763,0.64088255
86996,0.64088255
3737,0.64048666
30634,0.64048666
21036,0.64048666
65945,0.64048666
7617,0.64048666
31537,0.64048666
34449,0.64048666
13661,0.64048666
31693,0.64048666
87382,0.64048666
51143,0.64048666
79917,0.64048666
1301,0.64048666
76997,0.64048666
75038,0.64048666
58644,0.64048666
46301,0.64048666
70504,0.64048666
48614,0.64048666
69636,0.64048666
12909,0.64048666
24529,0.64048666
97842,0.64048666
99798,0.64048666
73320,0.64048666
90458,0.6398946
48175,0.6398946
38155,0.6398946
82561,0.6398946
45578,0.6398946
63716,0.6398292
6445,0.6398292
1182,0.6398292
29234,0.6398292
53566,0.6398292
88230,0.6398292
53151,0.6398292
90581,0.6398292
47016,0.6398292
32291,0.6398292
74304,0.6398292
61409,0.6398292
98581,0.6398292
62311,0.6398292
75739,0.6398292
26404,0.6398292
61541,0.6398292
98874,0.6398292
18351,0.6398292
63407,0.6398292
25667,0.6398292
7035,0.6398292
43003,0.6398292
66321,0.6398292
88674,0.6398292
8863,0.6398292
77687,0.6398292
32883,0.6398292
88127,0.6398292
94364,0.6398292
1575,0.6398292
57330,0.6398292
98187,0.6398292
69656,0.6398292
50903,0.6398292
91695,0.6398292
44434,0.6398292
9277,0.6398292
79967,0.6398292
98959,0.6398292
81917,0.6398292
37872,0.6398292
28387,0.6398292
11242,0.6398292
63086,0.6397475
24342,0.6397475
24648,0.6397475
87929,0.6397475
52903,0.6397475
34623,0.6397475
45687,0.6397475
8538,0.6397475
31925,0.6397475
53146,0.6397475
80843,0.6397475
6537,0.6397475
82897,0.6397475
92003,0.6397475
98060,0.6397475
68686,0.6397475
43068,0.6397475
77314,0.6397475
26673,0.6397475
63057,0.6397475
59333,0.6397475
30060,0.6397475
12038,0.6397475
87682,0.6397475
10838,0.63945025
24726,0.63945025
43919,0.63945025
28646,0.63945025
65338,0.63945025
84988,0.63945025
43123,0.63945025
89961,0.63945025
33225,0.63945025
2809,0.63945025
20558,0.63945025
34255,0.63945025
76854,0.63945025
44922,0.63945025
15768,0.63945025
54768,0.63945025
59146,0.63945025
60086,0.63945025
96738,0.63945025
78156,0.63945025
82269,0.63945025
2807,0.63945025
97849,0.6391922
1201,0.6391922
60174,0.6391922
64357,0.6391922
84151,0.6391922
50992,0.6391922
1464,0.6390756
3135,0.6390756
89183,0.6390756
72410,0.6390756
69709,0.6390756
14637,0.6390756
8752,0.6390756
58810,0.6390756
25035,0.6390756
68401,0.6390756
65101,0.6390756
99664,0.6390756
66230,0.6389191
77445,0.6389191
85987,0.6380778
64159,0.6380778
24262,0.6380778
58545,0.6380778
15591,0.6380778
42395,0.6380778
38788,0.6380778
59878,0.6380778
35778,0.6380778
93449,0.6380778
94715,0.6380778
69204,0.6380778
20530,0.6380778
7110,0.6380778
48348,0.6380778
13691,0.6380778
59666,0.6380778
99711,0.6380778
39513,0.6380778
40139,0.6380778
46620,0.6380778
25941,0.6380778
30528,0.6380778
59298,0.6380778
73448,0.6380778
8581,0.6380778
61608,0.6380778
9047,0.6380778
13650,0.6380778
23247,0.6380778
98478,0.6380778
36036,0.6380778
62121,0.6380778
21402,0.6380778
60302,0.6380778
78400,0.6380778
71506,0.6380778
98267,0.6380778
13225,0.6380778
42933,0.6380778
85346,0.6380778
34588,0.6380778
14626,0.6380778
64047,0.6380778
9794,0.63807255
98339,0.63807255
41352,0.63807255
9978,0.63807255
41539,0.63807255
28968,0.63807255
37015,0.63807255
43844,0.63807255
80336,0.63807255
49951,0.63807255
73388,0.63807255
24759,0.63807255
99278,0.63807255
50097,0.63807255
10615,0.63807255
13500,0.63807255
72071,0.63807255
43429,0.63807255
63840,0.63807255
72570,0.63807255
3069,0.63807255
72865,0.63807255
10379,0.63807255
95046,0.63807255
45922,0.63807255
31710,0.63807255
54952,0.63807255
37635,0.63807255
7898,0.63807255
71746,0.63807255
9641,0.63807255
29306,0.63807255
53052,0.63776934
97394,0.63776934
5080,0.63776934
280,0.63776934
28539,0.63776934
90020,0.63776934
81583,0.63776934
13778,0.63776934
54818,0.63776934
57347,0.63776934
67759,0.63776934
90347,0.63776934
717,0.63776934
50269,0.63776934
36424,0.63776934
95516,0.63776934
22310,0.63776934
40113,0.63776934
42333,0.63776934
51911,0.63776934
13832,0.6377242
28764,0.6377242
6734,0.6377242
10491,0.6377242
33303,0.6377242
89558,0.6377242
11705,0.6377242
42764,0.6377242
95279,0.6377242
72584,0.6377242
2068,0.6377242
1579,0.6377242
26298,0.6377242
38330,0.6377242
14291,0.6377242
87997,0.6377242
99171,0.6377242
13329,0.6377242
94076,0.6377242
10301,0.6377242
93108,0.6377242
58496,0.6377242
47761,0.6377242
58114,0.6377242
98736,0.6377242
20772,0.63765705
11985,0.63765705
17644,0.63765705
83166,0.63765705
24074,0.63765705
71857,0.63765705
85842,0.63765705
80340,0.63765705
31350,0.63765705
9274,0.63765705
88570,0.63765705
24192,0.63765705
81990,0.63765705
92479,0.63765705
69870,0.63765705
57952,0.63765705
10202,0.63765705
21670,0.63765705
64503,0.63765705
40533,0.63765705
41900,0.63765705
30991,0.63765705
45385,0.63765705
92826,0.63765705
80746,0.63765705
96827,0.63765705
97238,0.63765705
75481,0.63765705
66340,0.63765705
33274,0.63765705
19728,0.63765705
36868,0.63765705
35273,0.63765705
41773,0.63765705
34928,0.63765705
74037,0.63765705
70848,0.63765705
85026,0.63765705
45159,0.63742757
8984,0.63742757
78240,0.63742757
86524,0.63742757
95025,0.63742757
19459,0.63742757
41136,0.63742757
10850,0.63742757
70231,0.63742757
90493,0.63742757
85426,0.63742757
2515,0.63742757
25037,0.63742757
31132,0.63742757
88048,0.63742757
68599,0.63736725
86934,0.63736725
66684,0.63736725
95263,0.63736725
42153,0.63736725
41541,0.63736725
82586,0.63730854
67389,0.63730854
61631,0.63730854
60340,0.63730854
95975,0.63730854
30666,0.63730854
7237,0.63730854
64755,0.63730854
48007,0.63730854
54857,0.63730854
57250,0.63730854
90872,0.63730854
6147,0.63730854
48137,0.63730854
14214,0.63730854
55779,0.63730854
19601,0.63730854
72965,0.63730854
59096,0.63730854
86861,0.63730854
23206,0.63730854
90408,0.63730854
93325,0.63730854
50953,0.63730854
44988,0.63730854
51986,0.63730854
18732,0.63730854
59640,0.63730854
99656,0.63730854
73774,0.63730854
78207,0.63730854
47620,0.63730854
63332,0.63730854
51446,0.63730854
54129,0.63730854
57053,0.63730854
20266,0.63730854
27892,0.63730854
15062,0.63716495
69627,0.63716495
65979,0.63716495
40097,0.63716495
41451,0.63686967
18713,0.63686967
38201,0.63686967
39665,0.63686967
69548,0.63686967
6922,0.63686967
73557,0.63686967
13823,0.63686967
26866,0.63686967
23584,0.63686967
34204,0.63686967
18069,0.63686967
44657,0.63686967
22083,0.63686967
32467,0.63686967
89332,0.63686967
14338,0.63686967
63286,0.63686967
71208,0.63686967
97829,0.63686967
33719,0.63686967
3019,0.63686967
73508,0.63686967
70849,0.63686967
11419,0.63686967
31800,0.63686967
55738,0.63686967
15926,0.63686967
52011,0.63686967
71572,0.63686967
93830,0.63686967
38587,0.6363034
96351,0.6363034
83377,0.6363034
73445,0.6363034
98600,0.6363034
19195,0.6363034
10231,0.6363034
8658,0.6363034
9531,0.6363034
22220,0.6363034
47903,0.6363034
1554,0.6363034
38364,0.6363034
3654,0.6363034
83467,0.6360023
31111,0.6360023
99719,0.6360023
25086,0.6360023
54369,0.6360023
4243,0.6360023
76017,0.6360023
90219,0.6360023
28749,0.6360023
36531,0.6360023
11982,0.6360023
50246,0.6360023
78550,0.6360023
1595,0.6360023
25543,0.6360023
65110,0.6360023
14231,0.6360023
30906,0.6360023
99677,0.6360023
23137,0.6360023
17545,0.6360023
34546,0.6360023
35277,0.6360023
28912,0.6360023
98700,0.6360023
68580,0.6360023
70690,0.6360023
64563,0.6360023
93649,0.6360023
81753,0.6360023
16488,0.6360023
80168,0.6360023
93823,0.6360023
37169,0.6360023
36034,0.6360023
47081,0.6360023
22242,0.6360023
62616,0.6360023
61698,0.6360023
98557,0.6360023
75001,0.6360023
76503,0.6360023
11325,0.63592476
93315,0.63592476
24685,0.63592476
39981,0.63592476
69393,0.63592476
22064,0.63592476
51000,0.63592476
48666,0.63592476
16960,0.6357315
88215,0.6357315
99893,0.6357315
48367,0.6357315
87215,0.6357315
50449,0.6357315
88726,0.6357315
56694,0.6357315
92354,0.6357315
13819,0.6357315
3570,0.6357315
9485,0.6357315
49797,0.6357315
47747,0.6357315
94154,0.6357315
7707,0.6357315
17171,0.6357315
62293,0.6357315
62374,0.6357315
41188,0.6357315
49434,0.6357315
39998,0.6357315
30878,0.6357315
37223,0.6357315
88627,0.6357315
83915,0.6356487
81867,0.6356487
906,0.6356487
74763,0.6356487
29458,0.6356487
86130,0.6356487
98022,0.6356487
34049,0.6355308
4696,0.6355308
3066,0.6355308
62427,0.6355308
51803,0.6355308
12515,0.6355308
48714,0.6355308
11826,0.6355308
84657,0.6355308
10826,0.6355308
